{
  "best_recall": 0.9946524064171124,
  "best_precision": 0.37984810696291155,
  "baseline_recall": 0.975,
  "improvement": 0.01965240641711241,
  "best_params": {
    "max_depth": 3,
    "learning_rate": 0.052064144435479215,
    "n_estimators": 103,
    "subsample": 0.8822022637202402,
    "colsample_bytree": 0.720107040060281,
    "min_child_weight": 1,
    "gamma": 0.15614921756968772,
    "reg_alpha": 0.9436402498766893,
    "reg_lambda": 0.9180417893272773
  },
  "n_trials": 100,
  "generated_at": "2026-04-06T07:48:12.091494"
}