{
  "best_recall": 0.9946509727459103,
  "best_precision": 0.37570074270082027,
  "baseline_recall": 0.978,
  "recall_improvement": 0.01665097274591032,
  "precision_improvement": 0.02570074270082029,
  "best_params": {
    "max_depth": 3,
    "learning_rate": 0.05014324113472669,
    "n_estimators": 100,
    "subsample": 0.7064983195841483,
    "colsample_bytree": 0.7037107063468407,
    "min_child_weight": 5,
    "gamma": 0.22145516816534033,
    "reg_alpha": 0.5364159305346226,
    "reg_lambda": 1.5262101383594964
  },
  "optimal_threshold": 0.35,
  "n_trials": 100,
  "generated_at": "2026-04-04T13:02:34.112011"
}